{"_items":[{"name":"PLAYER","_responsibilities":["Can be moved with WASD","Can shoot lasers on mouse click","Can destroy enemies when shooting at them","Can collect power-up "],"_collaborators":["LASERS","ENEMIES","POWER UP"],"_posX":19,"_posY":199,"_type":"entity","_uuid":"0b02a4b4-54e2-75fd-bfab-2c6e545abe3a"},{"name":"LASERS","_responsibilities":["Are shot by both the player and enemies, dealing damage","Make sounds when shot "],"_collaborators":["PLAYER","ENEMIES","SOUND"],"_posX":168,"_posY":394,"_name":"LASERS","_uuid":"bedf7f17-4002-938a-7f98-530118d8ff41","_type":"entity"},{"name":"ENEMIES","_responsibilities":["Can be shot by the player","Can shoot lasers and deal damage to the player","Adds points to player score when destroyed","Play sound when destroyed"],"_collaborators":["PLAYER","LASERS","SCORE","SOUND"],"_posX":328,"_posY":200,"_name":"ENEMIES","_uuid":"b70e979f-70a0-5450-4077-c5db55107cd8","_type":"entity"},{"name":"SCORE","_responsibilities":["Score of the player throughout the game","Increases every time an enemy is destroyed","Updated UI to show progress"],"_collaborators":["PLAYER","ENEMIES","UI."],"_posX":488,"_posY":397,"_name":"SCORE","_uuid":"e01dfa36-d384-4b92-8854-a635fea35d9c","_type":"entity"},{"name":"UI.","_responsibilities":["Shows player information and gets updated to aid visual feedback","Shows and updates player's score throughout the game"],"_collaborators":["PLAYER","SCORE"],"_posX":749,"_posY":397,"_name":"UI.","_uuid":"fa24857a-37f5-04f8-bbaa-2a955396bc5e","_type":"entity"},{"name":"POWER UP","_responsibilities":["Enhances player ability for a limited amount of time","Update UI for visual feedback","Play sound when collected"],"_collaborators":["PLAYER","UI.","SOUND"],"_posX":521,"_posY":12,"_name":"POWER UP","_uuid":"6af3fdb9-e228-ce2d-1fb1-1d173d08b3a2","_type":"entity"},{"name":"SPAWNER","_responsibilities":["Instantiate enemies on a pattern at the start of every round","Instantiate power-up from top of the screen during each round"],"_collaborators":["ENEMIES","POWER UP"],"_posX":179,"_posY":11,"_type":"entity","_uuid":"7fb44a86-497a-b81d-21da-25dedc486184"},{"name":"SOUND","_responsibilities":["Play when enemy is destroyed","Play when power up is collected","Play when laser is shot"],"_collaborators":["ENEMIES","POWER UP","LASERS"],"_posX":169,"_posY":583,"_name":"SOUND","_uuid":"3fe76b85-2b98-c47b-47ba-ee1bdce90a37","_type":"entity"}],"_uuid":"81e61711-c774-9635-f9b7-2f2c3c54cb1d","_width":1024,"_height":768,"_title":"CRC Plan System"}